--singers
insert into singer values (1, 'Britney Spears');
insert into singer values (2, 'Beyonce');
insert into singer values (3, 'Gaga');
insert into singer values (4, 'Maren Morris');
insert into singer values (5, 'Dynoro');
insert into singer values (6, 'Tommy Emmanuels');
--genre
insert into genre values (1, 'Pop');
insert into genre values (2, 'Hip Hop');
insert into genre values (3, 'Vocal');
insert into genre values (4, 'Rap');
insert into genre values (5, 'Jazz');
insert into genre values (6, 'Blues');
insert into genre values (7, 'Electronic');
--songs
insert into song (id,title,singer_id,genre_id,popularity) values (1, 'In the zone', 1,1,7);
insert into song (id,title,singer_id,genre_id,popularity) values (2, 'Femme Fatale', 1,1,9);
insert into song (id,title,singer_id,genre_id,popularity) values (3, 'Blackout', 1,2,8);
insert into song (id,title,singer_id,genre_id,popularity) values (4, 'Circus', 1,2,8);
insert into song (id,title,singer_id,genre_id,popularity) values (5, 'Smash', 1,2,9);
insert into song (id,title,singer_id,genre_id,popularity) values (6, 'LoveHappy', 1,2,9);
insert into song (id,title,singer_id,genre_id,popularity) values (7, 'Boss', 2,2,9);
insert into song (id,title,singer_id,genre_id,popularity) values (8, 'Nice', 2,2,5);
insert into song (id,title,singer_id,genre_id,popularity) values (9, 'Saludi', 2,2,6);
insert into song (id,title,singer_id,genre_id,popularity) values (10, 'ArtPop', 3,1,8);
insert into song (id,title,singer_id,genre_id,popularity) values (11, 'Fame', 3,2,8);
insert into song (id,title,singer_id,genre_id,popularity) values (12, 'Joanne', 3,2,7);
insert into song (id,title,singer_id,genre_id,popularity) values (13, 'A Start is born', 3,2,5);
insert into song (id,title,singer_id,genre_id,popularity) values (14, 'The Fame Kingdom', 3,2,8);
insert into song (id,title,singer_id,genre_id,popularity) values (15, 'The Middle', 4,7,8);
insert into song (id,title,singer_id,genre_id,popularity) values (16, 'In my mind', 5,7,7);
insert into song (id,title,singer_id,genre_id,popularity) values (17, 'Deep river blues', 6,6,7);